<?xml version="1.0" encoding="UTF-8"?>
<!DOCTYPE mapper PUBLIC "-//mybatis.org//DTD Mapper 3.0//EN"
"http://mybatis.org/dtd/mybatis-3-mapper.dtd">

<mapper namespace="org.kdea.mybatis.EmpDAO">

<!-- 이 sql 문장과 맵핑될 인터페이스의 완전한 경로 -->
	<select id="list" resultType="org.kdea.mybatis.Emp">
        select * from emp2
    </select>
	<insert id="insert" parameterType="org.kdea.mybatis.Emp">
		insert into emp2 (empno, ename, deptno, job, sal) values ( #{empno}, #{ename}, #{deptno}, #{job}, #{sal} )
	</insert>
	<select id="info" resultType="org.kdea.mybatis.Emp">
		select * from emp2 where empno=#{empno}
	</select>
	<update id="update" parameterType="org.kdea.mybatis.Emp">
		update emp2 set deptno=#{deptno}, sal=#{sal} where empno=#{empno}
	</update>
	<delete id="delete">
		delete from emp2 where empno=#{empno}
	</delete>
</mapper>